{
  "version":  "0.5.0",
  "energy":    -3.7051385061731651E+01,
  "energies": [
    -2.9427596812495000E+00,
    -2.1706637324564593E+00,
    -2.1710395311943627E+00,
    -4.1620106015319509E+00,
    -2.1748017050881714E+00,
    -4.1727866423661233E+00,
    -4.3890346416649217E-01,
    -4.7111546444118080E-01,
    -4.8601521189213515E-01,
    -4.7456616239695665E-01,
    -4.2073406247612805E-01,
    -2.9408886359904582E+00,
    -4.3666363142671866E-01,
    -2.1875466585288743E+00,
    -4.7562933674043306E-01,
    -4.7419748043585846E-01,
    -4.8145730811528931E-01,
    -2.1681888735579293E+00,
    -4.1731516042228396E+00,
    -2.1945690562960483E+00,
    -4.7566398565607515E-01,
    -4.7863249888524911E-01,
    -4.7939973261642355E-01
  ],
  "virial": [
     4.9237078462788395E-02,
    -9.3277171238113389E-03,
     1.3489197205441921E-03,
    -9.3277171238113927E-03,
     4.5418261634241570E-02,
    -2.8905292977948971E-02,
     1.3489197205442196E-03,
    -2.8905292977949082E-02,
    -1.3910380504786671E-02
  ],
  "gradient": [
     1.5246485743816410E-02,
    -9.5229430843666741E-03,
     3.8484210794606111E-03,
    -2.2297623857996658E-03,
     4.3028510192646037E-03,
     2.1362008731807022E-03,
    -1.8740154999305220E-02,
    -5.1454152340740930E-03,
     2.6774562078378671E-03,
     1.7107258868645824E-03,
    -4.0500619416482652E-03,
     2.0066035967148104E-03,
    -3.5138586124481741E-03,
     2.3053484526325942E-03,
    -1.8999172432311905E-03,
    -2.8935267558526921E-03,
     1.8955117581369418E-03,
    -2.7861008377082766E-03,
    -1.0265089869060974E-03,
     2.0552666465202497E-03,
    -1.1562432096099693E-03,
     9.7003118907016729E-04,
     3.3590067683575019E-04,
     3.4198361254034926E-03,
     4.0179702045038367E-03,
    -2.3856278293009469E-03,
    -2.2299193832781361E-03,
    -9.4585079973471609E-04,
    -2.8986071237412725E-03,
     1.3392694314462279E-04,
     3.8198764468930237E-03,
     1.9179604013514577E-04,
     1.6508280011757492E-03,
     1.2298071281714567E-02,
     1.2950462623070910E-02,
    -7.3395464899681162E-03,
    -2.7574275693128748E-03,
    -2.2417220347029183E-03,
     1.8551163730962164E-03,
     2.9360429459128084E-03,
    -2.7062939955171793E-03,
     6.5560942459405320E-04,
     6.2868946789791061E-04,
    -4.9694632323034067E-04,
     1.6613464788800144E-03,
     4.2471391788393966E-04,
    -1.3561310167659562E-03,
    -1.8190518096116511E-04,
    -3.3488393132171177E-04,
     2.1344173305031188E-03,
    -1.4047132196543034E-03,
    -4.3333999385930071E-03,
     3.8857955119125241E-03,
    -1.3490055173690355E-03,
    -3.8857449027167542E-03,
     2.3366431518112587E-03,
    -1.7237935318572838E-03,
    -1.7081638810881464E-03,
     6.0164737396543758E-04,
    -5.9734269058211683E-04,
     2.5169059220895163E-04,
    -1.8155257638958236E-04,
     2.0075206423831950E-04,
     9.7507140896995208E-04,
     6.3874277962332397E-05,
    -1.4500556259678106E-04,
    -9.1009915665426892E-04,
    -2.0742133043166640E-03,
     5.6739859927522947E-04
  ]
}
